Term,Definition,Example,Topic
"renewable energy","năng lượng tái tạo","The island now runs almost entirely on renewable energy.","Environment & Climate"
"biodiversity conservation","bảo tồn đa dạng sinh học","The wetland reserve is a model of biodiversity conservation.","Environment & Climate"
"waste management","quản lý chất thải","The city's waste management turns food scraps into compost.","Environment & Climate"
"recycling programmes","chương trình tái chế","Doorstep recycling programmes raised the city's recycling rate.","Environment & Climate"
"public transport","giao thông công cộng","Reliable public transport let the family give up its second car.","Environment & Climate"
"environmental education","giáo dục môi trường","Field trips make environmental education stick.","Environment & Climate"
"climate resilience","khả năng thích ứng với khí hậu","Mangrove belts give coastal towns real climate resilience.","Environment & Climate"
"carbon reduction","cắt giảm khí thải carbon","The steel plant tied bonuses to carbon reduction targets.","Environment & Climate"
"clean air","không khí sạch","Children in the low-traffic zone now breathe cleaner air; clean air is a right, the mayor argued.","Environment & Climate"
"water conservation","bảo tồn nguồn nước","Drip lines made water conservation easy for the orchard.","Environment & Climate"
"sustainable farming","nông nghiệp bền vững","Sustainable farming kept the soil fertile without chemicals.","Environment & Climate"
"green technology","công nghệ xanh","Green technology turned the landfill's methane into electricity.","Environment & Climate"
"protected areas","khu vực được bảo tồn","Poaching fell once the forest became a protected area; protected areas now cover a tenth of the country.","Environment & Climate"
"forest restoration","phục hồi rừng","Forest restoration brought songbirds back to the valley.","Environment & Climate"
"coastal protection","bảo vệ vùng ven biển","Restored dunes now provide natural coastal protection.","Environment & Climate"
"energy efficiency","hiệu quả sử dụng năng lượng","New boilers raised the building's energy efficiency overnight.","Environment & Climate"
"plastic reduction","cắt giảm rác thải nhựa","A deposit scheme drove sharp plastic reduction.","Environment & Climate"
"wildlife protection","bảo vệ động vật hoang dã","Rangers enforce wildlife protection in the reserve.","Environment & Climate"
"urban green space","không gian xanh đô thị","Pocket parks added urban green space to the dense district.","Environment & Climate"
"environmental regulation","quy định về môi trường","Tighter environmental regulation cleaned up the river within years.","Environment & Climate"
"adequate","đủ, đạt mức cần thiết","Many schools still lack adequate heating in winter.","Environment & Climate"
"apparent","rõ ràng, có vẻ như","The benefits of the new timetable soon became apparent.","Environment & Climate"
"consistent","nhất quán","Her results stayed consistent across all three terms.","Environment & Climate"
"compelling","có sức thuyết phục","She made a compelling case for free school meals.","Environment & Climate"
"comprehensive","toàn diện","The audit was comprehensive, covering every supplier contract.","Environment & Climate"
"controversial","gây tranh cãi","The stadium plan remains controversial among local residents.","Environment & Climate"
"crucial","cực kỳ quan trọng","Sleep is crucial for memory during exam season.","Environment & Climate"
"diverse","đa dạng","The hiring panel was deliberately diverse.","Environment & Climate"
"credible","đáng tin cậy","Only a credible inspection system will reassure buyers.","Environment & Climate"
"inevitable","không thể tránh khỏi","With no maintenance, the bridge's collapse was inevitable.","Environment & Climate"
"notable","đáng chú ý","There was a notable rise in cycling after the lanes opened.","Environment & Climate"
"relevant","có liên quan","The examiner marks down answers that aren't relevant.","Environment & Climate"
"stable","ổn định","A stable income let them finally rent a flat.","Environment & Climate"
"substantial","đáng kể","The grant made a substantial difference to the shelter.","Environment & Climate"
"sustainable","có thể duy trì lâu dài","The fishery was managed to stay sustainable for decades.","Environment & Climate"
"transparent","minh bạch","Voters demanded a transparent count after the dispute.","Environment & Climate"
"viable","có thể thực hiện hiệu quả","Solar became a viable option once panel prices fell.","Environment & Climate"
"widespread","phổ biến trên phạm vi rộng","The reform won widespread support across the parties.","Environment & Climate"
"vulnerable","dễ bị tổn thương","Heatwaves put elderly residents in the most vulnerable position.","Environment & Climate"
"persistent","kéo dài hoặc khó chấm dứt","A persistent cough sent him for a chest scan.","Environment & Climate"
"awareness","nhận thức","The campaign raised awareness of early stroke symptoms.","Environment & Climate"
"bias","thiên kiến","Blind auditions reduce gender bias in orchestra hiring.","Environment & Climate"
"concern","mối quan ngại","Rising rents are the main concern of young tenants.","Environment & Climate"
"decline","sự suy giảm","A steady decline in bees threatens the apple harvest.","Environment & Climate"
"demand","nhu cầu","Demand for electric cars outran the supply of charging points.","Environment & Climate"
"evidence","bằng chứng","The jury found the forensic evidence convincing.","Environment & Climate"
"framework","khuôn khổ","The treaty set a framework for sharing the river's water.","Environment & Climate"
"impact","tác động","The factory's closure had a lasting impact on the town.","Environment & Climate"
"incentive","động lực hoặc ưu đãi","A cash incentive encouraged drivers to scrap old diesels.","Environment & Climate"
"infrastructure","cơ sở hạ tầng","Decades of underfunding left the water infrastructure crumbling.","Environment & Climate"
"measure","biện pháp","Free school meals proved a popular measure.","Environment & Climate"
"obstacle","trở ngại","Cost is the biggest obstacle to rooftop solar.","Environment & Climate"
"outcome","kết quả","The trial's outcome surprised the researchers.","Environment & Climate"
"priority","điều được ưu tiên","Clearing the flooded road became the council's priority.","Environment & Climate"
"regulation","quy định","Tougher regulation forced the mine to treat its wastewater.","Environment & Climate"
"shortage","sự thiếu hụt","A shortage of nurses delayed routine operations.","Environment & Climate"
"trend","xu hướng","The data showed a clear trend toward later marriages.","Environment & Climate"
"access","khả năng tiếp cận","Rural clinics widen access to basic treatment.","Environment & Climate"
"approach","cách tiếp cận","The clinic takes a patient-centred approach to chronic pain.","Environment & Climate"
"consequence","hệ quả","Flooded basements are a direct consequence of paved gardens.","Environment & Climate"
"go green","chuyển sang lối sống thân thiện môi trường","More households are trying to go green.","Environment & Climate"
"tip of the iceberg","phần nhỏ của một vấn đề lớn","Visible waste is only the tip of the iceberg.","Environment & Climate"
"a drop in the ocean","một phần quá nhỏ để tạo khác biệt lớn","One local project may feel like a drop in the ocean.","Environment & Climate"
"solar power","điện mặt trời","Rooftop solar power now runs the village clinic.","Environment & Climate"
"wind power","điện gió","Offshore wind power now lights a third of the coast.","Environment & Climate"
"energy storage","lưu trữ năng lượng","Home batteries provide energy storage for rooftop solar.","Environment & Climate"
"grid reliability","độ ổn định của lưới điện","Battery banks improved grid reliability during the heatwave.","Environment & Climate"
"clean cooking","nấu ăn bằng năng lượng sạch","Gas stoves brought clean cooking to villages that burned firewood.","Environment & Climate"
"rural electrification","điện khí hóa nông thôn","Solar mini-grids sped up rural electrification.","Environment & Climate"
"household energy saving","tiết kiệm năng lượng trong gia đình","Simple draught-proofing drives real household energy saving.","Environment & Climate"
"industrial efficiency","hiệu suất công nghiệp","Waste-heat recovery boosted the plant's industrial efficiency.","Environment & Climate"
"smart grids","lưới điện thông minh","Smart grids balance solar supply with evening demand.","Environment & Climate"
"public energy investment","đầu tư công vào năng lượng","Public energy investment funded the offshore wind farm.","Environment & Climate"
"low-carbon heating","hệ thống sưởi phát thải thấp","Heat pumps brought low-carbon heating to the estate.","Environment & Climate"
"battery recycling","tái chế pin","Battery recycling recovers lithium for new electric cars.","Environment & Climate"
"energy security","an ninh năng lượng","Storing gas reserves is central to the country's energy security.","Environment & Climate"
"community energy","năng lượng cộng đồng","The village wind turbine is a community energy project.","Environment & Climate"
"clean transport fuels","nhiên liệu sạch cho giao thông","Buses here run on clean transport fuels made from waste oil.","Environment & Climate"
"building insulation","cách nhiệt công trình","Better building insulation halved the family's heating bill.","Environment & Climate"
"demand management","quản lý nhu cầu năng lượng","Off-peak pricing is a simple form of demand management.","Environment & Climate"
"energy research","nghiên cứu năng lượng","Energy research at the university produced a cheaper solar cell.","Environment & Climate"
"sustainable agriculture","nông nghiệp bền vững","Crop rotation is at the heart of sustainable agriculture.","Environment & Climate"
"soil conservation","bảo tồn đất","Terracing is the oldest form of soil conservation here.","Environment & Climate"
"water-efficient farming","canh tác tiết kiệm nước","Water-efficient farming kept the crop alive through the drought.","Environment & Climate"
"crop diversity","đa dạng cây trồng","Crop diversity protects farmers when one harvest fails.","Environment & Climate"
"food safety","an toàn thực phẩm","Random inspections tightened food safety at street stalls.","Environment & Climate"
"local food systems","hệ thống thực phẩm địa phương","Farmers' markets strengthen local food systems.","Environment & Climate"
"smallholder support","hỗ trợ nông hộ nhỏ","Crop insurance is a key form of smallholder support.","Environment & Climate"
"agricultural training","đào tạo nông nghiệp","After agricultural training, her rice yield rose by a third.","Environment & Climate"
"organic farming","nông nghiệp hữu cơ","Organic farming restored earthworms to the depleted soil.","Environment & Climate"
"responsible fishing","đánh bắt có trách nhiệm","Quotas and seasons define responsible fishing here.","Environment & Climate"
"animal welfare","phúc lợi động vật","The farm earned an animal welfare label for its free-range barns.","Environment & Climate"
"food waste reduction","cắt giảm lãng phí thực phẩm","Discount shelves are a small win for food waste reduction.","Environment & Climate"
"cold-chain storage","bảo quản theo chuỗi lạnh","Cold-chain storage keeps vaccines potent on the journey upcountry.","Environment & Climate"
"rural cooperatives","hợp tác xã nông thôn","Rural cooperatives pool machinery the farmers can't buy alone.","Environment & Climate"
"nutritious diets","chế độ ăn giàu dinh dưỡng","School gardens taught children about nutritious diets.","Environment & Climate"
"school meals","bữa ăn học đường","Free school meals improved concentration in afternoon lessons.","Environment & Climate"
"urban farming","nông nghiệp đô thị","Rooftop urban farming supplies the restaurant's herbs.","Environment & Climate"
"climate-smart agriculture","nông nghiệp thích ứng với khí hậu","Drip irrigation is central to climate-smart agriculture in dry regions.","Environment & Climate"
"seed diversity","đa dạng nguồn giống","A village seed bank protects local seed diversity.","Environment & Climate"
"fair food prices","giá thực phẩm hợp lý","Cooperatives help farmers negotiate fair food prices.","Environment & Climate"
"affordable housing","nhà ở có chi phí phù hợp","Nurses commute two hours because affordable housing is scarce downtown.","Environment & Climate"
"public parks","công viên công cộng","Shady public parks became vital during the heatwave.","Environment & Climate"
"waste collection","thu gom rác thải","Erratic waste collection left bins overflowing for days.","Environment & Climate"
"urban planning","quy hoạch đô thị","Good urban planning put homes within walking distance of work.","Environment & Climate"
"community centres","trung tâm cộng đồng","Community centres double as cooling shelters during heatwaves.","Environment & Climate"
"pedestrian safety","an toàn cho người đi bộ","Raised crossings improved pedestrian safety near the school.","Environment & Climate"
"public libraries","thư viện công cộng","Public libraries now lend laptops as well as books.","Environment & Climate"
"local markets","chợ địa phương","Weekend local markets keep small growers in business.","Environment & Climate"
"green buildings","công trình xanh","Rooftop gardens helped the office qualify as a green building; green buildings now dominate the district.","Environment & Climate"
"drainage systems","hệ thống thoát nước","Clogged drainage systems turned the market into a lake.","Environment & Climate"
"street lighting","hệ thống chiếu sáng đường phố","Better street lighting made the alley feel safe again.","Environment & Climate"
"mixed-use development","phát triển đô thị đa chức năng","Shops under flats make this a lively mixed-use development.","Environment & Climate"
"neighbourhood renewal","cải tạo khu dân cư","Neighbourhood renewal restored the derelict square.","Environment & Climate"
"air quality monitoring","theo dõi chất lượng không khí","Air quality monitoring stations alert schools on smoggy days.","Environment & Climate"
"public sanitation","vệ sinh công cộng","Daily collection restored public sanitation after the flood.","Environment & Climate"
"accessible services","dịch vụ dễ tiếp cận","Ramps and sign language turn offices into accessible services.","Environment & Climate"
"cultural venues","địa điểm văn hóa","Small cultural venues struggled to reopen after the pandemic.","Environment & Climate"
"smart infrastructure","hạ tầng thông minh","Sensors in the smart infrastructure flag leaks early.","Environment & Climate"
"disaster preparedness","công tác chuẩn bị ứng phó thiên tai","Annual drills are the heart of the town's disaster preparedness.","Environment & Climate"
"civic participation","sự tham gia của người dân","Participatory budgeting boosted civic participation in the ward.","Environment & Climate"
"reliable public transport","giao thông công cộng đáng tin cậy","Reliable public transport is the lifeline of the night shift.","Environment & Climate"
"cycling infrastructure","hạ tầng dành cho xe đạp","Protected lanes doubled ridership once cycling infrastructure improved.","Environment & Climate"
"pedestrian networks","mạng lưới đường dành cho người đi bộ","Covered pedestrian networks link the station to the market.","Environment & Climate"
"road safety","an toàn đường bộ","Speed humps improved road safety outside the primary school.","Environment & Climate"
"traffic management","quản lý giao thông","Smart lights improved traffic management at the junction.","Environment & Climate"
"electric vehicles","xe điện","Tax breaks pushed electric vehicles into the mainstream.","Environment & Climate"
"rail investment","đầu tư vào đường sắt","Rail investment cut the cross-country journey by an hour.","Environment & Climate"
"accessible stations","nhà ga dễ tiếp cận","Lifts at accessible stations let wheelchair users travel independently.","Environment & Climate"
"integrated ticketing","hệ thống vé liên thông","Integrated ticketing lets one card cover bus, train, and ferry.","Environment & Climate"
"transport affordability","khả năng chi trả cho giao thông","Capped fares improved transport affordability for students.","Environment & Climate"
"rural bus services","dịch vụ xe buýt nông thôn","Cuts to rural bus services stranded elderly villagers.","Environment & Climate"
"low-emission zones","khu vực phát thải thấp","Low-emission zones cut roadside pollution in the city centre.","Environment & Climate"
"car-sharing schemes","mô hình dùng chung ô tô","Car-sharing schemes cut private car ownership among young city residents.","Environment & Climate"
"journey planning","lập kế hoạch hành trình","The app's journey planning avoids flooded underpasses.","Environment & Climate"
"vehicle maintenance","bảo dưỡng phương tiện","Skipped vehicle maintenance caused the bus to break down.","Environment & Climate"
"safe crossings","điểm qua đường an toàn","Children need safe crossings on the way to school.","Environment & Climate"
"freight efficiency","hiệu quả vận tải hàng hóa","Night deliveries improved freight efficiency in the old town.","Environment & Climate"
"airport connectivity","khả năng kết nối với sân bay","Better airport connectivity brought foreign investors to the region.","Environment & Climate"
"commuter services","dịch vụ dành cho người đi làm","Earlier commuter services ease the crush at the central station.","Environment & Climate"
"sustainable mobility","giao thông bền vững","Bikes and trams are the pillars of sustainable mobility.","Environment & Climate"
"scientific literacy","hiểu biết khoa học","Scientific literacy helps voters judge climate claims.","Environment & Climate"
"research funding","kinh phí nghiên cứu","A drop in research funding stalled the cancer project.","Environment & Climate"
"peer review","phản biện đồng cấp","The paper was withdrawn after peer review found errors.","Environment & Climate"
"open data","dữ liệu mở","Open data on bus delays let a student build a better app.","Environment & Climate"
"laboratory safety","an toàn phòng thí nghiệm","A spill drill reinforced laboratory safety rules.","Environment & Climate"
"research ethics","đạo đức nghiên cứu","A review board enforces research ethics for every study.","Environment & Climate"
"public science education","giáo dục khoa học cho công chúng","The observatory's open nights are public science education at its best.","Environment & Climate"
"evidence-based medicine","y học dựa trên bằng chứng","Evidence-based medicine replaced several outdated treatments.","Environment & Climate"
"clinical trials","thử nghiệm lâm sàng","The vaccine passed three rounds of clinical trials.","Environment & Climate"
"space research","nghiên cứu không gian","Space research produced the sensors now used in weather vans.","Environment & Climate"
"climate science","khoa học khí hậu","Climate science informs the city's new flood defences.","Environment & Climate"
"science communication","truyền thông khoa học","Good science communication turned the study into plain advice.","Environment & Climate"
"data quality","chất lượng dữ liệu","Poor data quality skewed the census for a decade.","Environment & Climate"
"interdisciplinary research","nghiên cứu liên ngành","Interdisciplinary research paired engineers with biologists.","Environment & Climate"
"university research","nghiên cứu tại trường đại học","University research spun off a cheap water filter.","Environment & Climate"
"innovation grants","quỹ tài trợ đổi mới","Innovation grants helped the workshop patent its design.","Environment & Climate"
"reproducible research","nghiên cứu có thể tái lập","Sharing code makes reproducible research possible.","Environment & Climate"
"field studies","nghiên cứu thực địa","Geography students spend a week on coastal field studies.","Environment & Climate"
"statistical training","đào tạo thống kê","Statistical training helped the nurses read the trial data.","Environment & Climate"
"public trust in science","niềm tin của công chúng vào khoa học","Clear communication rebuilt public trust in science after the scare.","Environment & Climate"
"public consultation","tham vấn cộng đồng","A public consultation reshaped the controversial road plan.","Environment & Climate"
"transparent budgeting","lập ngân sách minh bạch","Transparent budgeting let residents see every ward's spending.","Environment & Climate"
"public accountability","trách nhiệm giải trình trước công chúng","Published spending brought real public accountability to the agency.","Environment & Climate"
"civil service training","đào tạo công chức","Civil service training now includes a module on digital records.","Environment & Climate"
"evidence-based policy","chính sách dựa trên bằng chứng","Pilot schemes feed evidence-based policy on homelessness.","Environment & Climate"
"local government","chính quyền địa phương","Local government, not the ministry, runs the bin collection.","Environment & Climate"
"public participation","sự tham gia của công chúng","Online petitions widened public participation in planning.","Environment & Climate"
"regulatory oversight","hoạt động giám sát quy định","Weak regulatory oversight let the bank take reckless risks.","Environment & Climate"
"social welfare","phúc lợi xã hội","The reform tied social welfare to job-search support.","Environment & Climate"
"emergency planning","lập kế hoạch ứng phó khẩn cấp","Emergency planning assigns each ward a flood shelter.","Environment & Climate"
"anti-corruption measures","biện pháp phòng chống tham nhũng","Publishing contracts online is among the new anti-corruption measures.","Environment & Climate"
"digital public services","dịch vụ công trực tuyến","Renewing a passport is one of many digital public services now offered online.","Environment & Climate"
"tax fairness","tính công bằng của hệ thống thuế","Closing loopholes was sold as a matter of tax fairness.","Environment & Climate"
"public procurement","mua sắm công","Transparent public procurement saved the hospital millions.","Environment & Climate"
"long-term planning","quy hoạch dài hạn","Flood defences demand long-term planning, not quick fixes.","Environment & Climate"
"public information","thông tin công khai","Clear public information helped residents prepare for the storm.","Environment & Climate"
"community representation","đại diện cộng đồng","The panel was criticised for weak community representation.","Environment & Climate"
"policy evaluation","đánh giá chính sách","An independent policy evaluation judged the scheme a success.","Environment & Climate"
"administrative reform","cải cách hành chính","Administrative reform cut the licence wait from weeks to days.","Environment & Climate"
"institutional trust","niềm tin vào các thể chế","Transparent accounts rebuilt institutional trust after the scandal.","Environment & Climate"
"sustainable tourism","du lịch bền vững","Visitor caps protect the reef under a sustainable tourism plan.","Environment & Climate"
"visitor management","quản lý du khách","Timed entry is the park's new visitor management tool.","Environment & Climate"
"local guides","hướng dẫn viên địa phương","Trained local guides share stories the guidebooks miss.","Environment & Climate"
"cultural awareness","nhận thức văn hóa","Guides receive cultural awareness training before the trekking season.","Environment & Climate"
"heritage conservation","bảo tồn di sản","Heritage conservation saved the fishing village's stilt houses.","Environment & Climate"
"community-based tourism","du lịch dựa vào cộng đồng","Homestays anchor community-based tourism in the highland villages.","Environment & Climate"
"eco-friendly accommodation","cơ sở lưu trú thân thiện với môi trường","The lodge markets itself as eco-friendly accommodation.","Environment & Climate"
"public transport for visitors","giao thông công cộng dành cho du khách","A tourist pass makes public transport for visitors simple.","Environment & Climate"
"destination safety","an toàn tại điểm đến","Clear signage improved destination safety for lone travellers.","Environment & Climate"
"seasonal employment","việc làm theo mùa","The resort relies on seasonal employment each summer.","Environment & Climate"
"local food tourism","du lịch ẩm thực địa phương","Cooking classes anchor the region's local food tourism.","Environment & Climate"
"rural tourism","du lịch nông thôn","Farm stays brought rural tourism to the quiet valley.","Environment & Climate"
"protected landscapes","cảnh quan được bảo vệ","Grazing is limited within the protected landscapes of the uplands.","Environment & Climate"
"visitor education","giáo dục ý thức cho du khách","Signs at the trailhead provide visitor education on wildlife.","Environment & Climate"
"responsible travel","du lịch có trách nhiệm","Carrying out your litter is basic responsible travel.","Environment & Climate"
"tourism training","đào tạo ngành du lịch","Tourism training taught the guides first aid and English.","Environment & Climate"
"small tourism businesses","doanh nghiệp du lịch nhỏ","Microloans kept small tourism businesses afloat off-season.","Environment & Climate"
"accessible tourism","du lịch dễ tiếp cận","Beach walkways designed for accessible tourism attract older visitors.","Environment & Climate"
"crowd management","quản lý đám đông","Timed tickets improved crowd management at the temple festival.","Environment & Climate"